recipe,calories,carbohydrate,sugar,protein,category,servings,high_traffic
1,NA,NA,NA,NA,Potato,6,High
2,36.1896,39.3312,0.6732,0.9384,Breakfast,4,High
3,932.5656,43.5336,3.1518,2.9376,Beverages,1,NA
4,98.9706,31.1712,39.4026,0.0204,One Dish Meal,4,High
5,27.591,1.887,0.816,0.5406,One Dish Meal,4,NA
6,704.973,3.5292,1.683,55.0086,Chicken Breast,2,High
7,187.6188,48.909,9.945,47.6442,Lunch/Snacks,4,NA
8,305.1228,3.2334,0.408,33.048,Chicken,4,NA
9,549.2904,3.8556,3.4374,3.8658,Potato,6,High
10,253.2456,49.5108,4.0698,116.127,Vegetable,2,NA
11,173.5224,17.9826,4.182,0.9282,One Dish Meal,1,NA
12,158.916,8.4354,9.9756,11.781,Beverages,6,NA
13,280.1226,23.9598,1.5912,2.6214,Breakfast,4,High
14,25.7346,11.7402,10.5264,9.7614,Meat,4,High
15,221.4828,6.8238,10.2,15.4734,Dessert,4,High
16,322.779,2.703,4.7736,81.3042,Dessert,6,High
17,463.3554,1.9074,3.009,62.2914,Dessert,2,High
18,1729.7364,0.102,0.3978,33.8334,Dessert,1,High
19,1112.565,4.743,0.7038,3.5598,Dessert,6,High
20,130.101,28.101,1.5402,9.0882,Vegetable,2,NA
21,9.4452,17.7888,8.3232,11.0262,Breakfast,6,High
22,41.3406,89.6682,107.0082,12.1686,Pork,4,NA
23,84.3846,3.2334,8.109,26.5608,Beverages,4,NA
24,NA,NA,NA,NA,Dessert,2,NA
25,1184.7198,1.5606,9.0576,12.8214,Beverages,1,High
26,57.4158,22.797,11.6076,35.4858,Chicken Breast,4,High
27,419.3832,52.734,28.3356,71.706,Potato,2,High
28,586.245,13.3824,1.8768,14.127,Breakfast,4,High
29,607.2978,63.9234,2.6928,5.0592,Breakfast,2,High
30,168.0552,34.2516,18.2274,224.5428,Chicken Breast,2,High
31,220.2996,53.7132,6.375,32.9664,Potato,2,High
32,629.4522,23.562,33.4866,46.8078,Beverages,6,NA
33,354.0012,9.69,6.0384,84.2316,Lunch/Snacks,4,NA
34,507.1134,1.4994,1.5402,3.0294,Chicken,6,High
35,587.1426,21.1242,0.204,6.3648,Beverages,6,High
36,812.8278,29.682,9.8226,2.3256,Chicken,2,NA
37,1348.2156,71.4714,7.905,19.9002,Beverages,1,NA
38,45.441,101.8164,2.6724,15.8814,Beverages,4,NA
39,269.9124,1.53,18.8088,33.2724,Lunch/Snacks,4,NA
40,45.7062,4.7124,0.408,6.018,Meat,4,High
41,633.9708,14.4432,10.914,40.4838,Lunch/Snacks,6,High
42,295.902,4.5186,1.071,41.4528,Beverages,4,NA
43,588.4278,4.8858,21.3384,4.3758,Chicken Breast,2,NA
44,267.3624,17.8092,0.3366,88.791,Lunch/Snacks,4,NA
45,65.5758,17.289,0.7854,11.424,Beverages,1,NA
46,85.0578,13.3212,1.6524,3.5088,Meat,6,High
47,70.3902,39.9534,40.3308,0.1734,One Dish Meal,4,NA
48,44.7882,49.1232,4.6716,8.0784,Beverages,4,NA
49,NA,NA,NA,NA,Lunch/Snacks,4,NA
50,1758.735,46.4304,0.0714,50.3574,Beverages,1,High
51,299.2272,19.5432,9.588,1.3464,Potato,2,NA
52,1305.1206,19.9512,1.1016,18.564,Potato,4,High
53,374.646,91.6368,7.0992,74.817,Vegetable,2,NA
54,76.0512,48.4194,16.6872,46.053,Potato,4,High
55,134.1402,33.9864,1.734,88.8522,Potato,6,High
56,2164.6848,26.5098,0.5304,82.9974,Potato,1,High
57,48.1134,62.1486,14.0964,11.016,Meat,4,High
58,195.6156,9.3534,0.663,68.0238,Lunch/Snacks,1,NA
59,6.3546,57.5586,5.712,2.1624,Chicken,6,High
60,392.6286,75.8676,78.0606,2.2134,Pork,2,NA
61,629.289,70.839,7.9254,3.1824,Pork,4,High
62,191.6274,56.6202,10.1898,87.8118,Chicken Breast,4,NA
63,163.251,43.299,1.632,45.2676,Chicken Breast,2,High
64,829.3416,90.321,0.4794,139.6278,Vegetable,1,High
65,577.524,1.7544,2.5908,4.3248,Dessert,4,High
66,265.5366,0.5202,1.2648,4.6206,Pork,1,NA
67,63.0156,14.1474,10.8936,0.7344,One Dish Meal,2,NA
68,732.0744,72.6342,14.3004,7.242,Beverages,4,NA
69,1127.253,6.7626,3.8658,72.9402,Lunch/Snacks,1,NA
70,815.3778,23.6028,3.3966,20.145,Chicken Breast,1,NA
71,102,97.8078,10.404,116.892,Chicken,4,NA
72,2558.6394,18.4722,10.812,85.9146,Vegetable,4,NA
73,38.9844,13.3518,3.876,2.1318,One Dish Meal,1,NA
74,294.372,10.71,9.0066,104.5806,Chicken Breast,4,NA
75,326.9814,85.4658,16.5648,2.1114,Pork,1,High
76,782.5032,25.2552,0.5814,31.6914,Breakfast,4,High
77,568.8132,37.5156,3.06,19.941,Chicken Breast,1,High
78,66.8304,2.7234,0.0714,0.5202,Pork,2,NA
79,807.3198,100.4802,5.916,93.3402,Beverages,1,NA
80,20.3082,36.1794,2.2134,12.0564,Beverages,1,High
81,83.1912,33.7416,2.3868,11.424,Beverages,4,High
82,67.0038,8.1498,9.4146,14.8104,Beverages,4,High
83,NA,NA,NA,NA,Dessert,4,High
84,904.1994,79.5804,16.7178,2.4174,Beverages,2,NA
85,86.8734,30.5592,0.5814,5.3448,Vegetable,2,High
86,676.0356,48.5622,4.1616,2.4378,Dessert,1,High
87,115.2906,23.919,0.4794,63.3216,Dessert,4,High
88,381.7554,75.6432,6.0282,0.3876,Chicken,2,NA
89,197.0334,4.5798,3.0702,47.838,Beverages,4,High
90,NA,NA,NA,NA,Potato,6,High
91,396.1374,13.9434,11.3526,2.7234,Beverages,6,NA
92,109.0074,0.8976,7.4256,5.7834,Meat,4,High
93,35.4654,10.6896,12.5766,8.8026,Beverages,6,NA
94,116.1168,38.3214,1.2342,21.7362,Lunch/Snacks,4,NA
95,843.3666,148.2264,6.6096,3.1008,Breakfast,4,High
96,363.7728,1.2648,55.5594,0.4896,One Dish Meal,4,NA
97,90.3414,14.5962,48.2664,5.7834,Pork,1,High
98,2123.3238,8.2518,4.8756,29.0496,Chicken Breast,2,High
99,134.436,29.7636,5.967,8.5884,Beverages,2,High
100,685.7052,90.5862,6.4362,21.3078,Chicken,2,NA
101,271.7382,59.6088,4.2738,11.1792,Vegetable,4,NA
102,202.9596,89.4336,0.3978,39.9024,Meat,4,High
103,168.504,8.4048,0.408,2.55,Lunch/Snacks,4,NA
104,1097.4282,3.7434,15.402,46.5324,Dessert,4,High
105,421.9434,21.216,5.865,55.2126,Beverages,1,NA
106,404.2974,17.187,2.5296,0.2754,One Dish Meal,1,High
107,781.3302,9.6186,0.8364,68.0442,Dessert,1,NA
108,200.6136,2.3256,9.3024,2.2134,Meat,1,High
109,624.8928,39.321,10.2612,5.763,Pork,6,High
110,164.5464,32.8542,7.293,6.2118,Chicken,4,High
111,47.9298,25.2144,2.1726,11.016,Beverages,4,NA
112,417.8532,31.9464,14.1066,30.4572,Dessert,1,High
113,733.4004,50.3574,1.2444,5.8344,Breakfast,4,High
114,78.3054,49.8168,23.409,4.9776,Dessert,2,High
115,181.3968,10.8834,2.2542,3.0804,Chicken,2,High
116,27.2952,5.2734,2.4378,4.539,Meat,4,High
117,NA,NA,NA,NA,Lunch/Snacks,6,High
118,213.843,50.3472,0.9792,2.193,Beverages,4,NA
119,29.4066,32.181,39.1272,3.6414,Pork,2,NA
120,452.064,16.524,10.557,0.0102,Meat,4,High
121,1137.2388,32.079,13.2804,1.3566,Dessert,2,High
122,NA,NA,NA,NA,Pork,2,High
123,392.2818,1.9686,8.772,0.8772,One Dish Meal,1,NA
124,39.6984,13.158,11.5464,70.9206,Lunch/Snacks,1,NA
125,2964.1302,3.5904,1.9278,182.8044,Potato,6,High
126,184.0284,9.8328,7.0074,15.9018,Beverages,4,High
127,330.48,80.7636,1.734,7.1706,Chicken Breast,4,High
128,979.965,194.6568,4.2126,98.8482,Chicken Breast,4,High
129,74.1642,39.168,4.4574,7.5888,Beverages,4,NA
130,539.478,19.023,3.3762,6.1608,Breakfast,4,NA
131,194.3304,2.6214,0.5712,1.6116,One Dish Meal,6,NA
132,163.2816,14.4942,10.4244,3.8862,Breakfast,4,High
133,95.4924,3.8148,29.9982,4.7124,Pork,4,High
134,978.7002,4.488,45.4308,12.3624,Pork,1,NA
135,106.335,45.5022,5.2224,2.9478,Meat,4,High
136,118.269,159.3546,8.058,50.6226,Chicken Breast,4,High
137,NA,NA,NA,NA,Chicken Breast,2,High
138,24.531,60.8226,0.3162,144.8706,Lunch/Snacks,4,High
139,97.9812,52.9788,2.703,13.3314,Beverages,6,High
140,13.8924,93.8604,0.9078,45.8184,Chicken Breast,1,High
141,4.3044,3.5292,11.1486,0.7548,One Dish Meal,6,NA
142,24.6942,68.3604,13.7394,7.9764,Beverages,6,NA
143,96.2982,26.4996,24.2658,1.5198,Pork,4,High
144,42.8502,12.24,11.934,1.3464,One Dish Meal,1,NA
145,302.8584,1.4484,11.373,25.6938,Beverages,2,High
146,263.3232,7.6806,1.224,41.1264,Vegetable,6,NA
147,234.1716,40.7286,1.1118,6.7932,Breakfast,4,High
148,1599.36,15.7998,5.3346,54.2946,Vegetable,1,NA
149,210.0996,63.087,2.9478,14.739,Vegetable,4,High
150,NA,NA,NA,NA,Breakfast,2,High
151,292.2708,21.522,1.5606,4.182,Beverages,6,High
152,317.6178,44.064,1.1526,3.4272,Meat,1,High
153,182.5596,4.4268,17.6358,18.8598,Meat,4,High
154,277.7562,74.511,7.8336,0.2958,One Dish Meal,2,NA
155,192.1884,34.9758,5.661,3.213,Beverages,4,High
156,853.689,33.4764,60.2208,0.3264,One Dish Meal,2,NA
157,82.6302,0.357,1.2954,1.2138,One Dish Meal,4,NA
158,782.136,13.872,8.4354,18.207,Chicken,6,NA
159,342.1386,24.3576,2.8254,38.9436,Meat,6,High
160,792.9174,103.7646,2.5704,5.2224,Pork,4,High
161,360.6516,13.0764,1.0404,6.5178,Chicken Breast,1,High
162,876.2922,74.6232,14.892,3.366,Pork,6,High
163,954.4854,8.9148,2.4378,73.3176,Lunch/Snacks,2,NA
164,387.4674,14.2188,0.5814,44.5536,Vegetable,4,High
165,18.9924,22.9092,10.2612,1.1424,One Dish Meal,6,NA
166,184.722,7.4766,2.448,106.1514,Lunch/Snacks,1,High
167,26.3466,0.1326,2.2848,29.172,Lunch/Snacks,6,NA
168,4.4982,243.8412,19.9308,3.8352,Pork,1,High
169,1065.8184,24.8268,5.712,4.7532,Lunch/Snacks,4,NA
170,619.2726,23.46,40.3104,26.673,Beverages,4,High
171,439.9056,14.9838,4.2534,33.4458,Chicken Breast,2,High
172,77.6016,14.229,8.7618,1.071,One Dish Meal,4,NA
173,100.7352,7.4256,16.8912,1.173,One Dish Meal,4,NA
174,184.1304,12.648,25.143,5.1816,Pork,2,High
175,16.9116,5.7732,14.6982,20.3388,Beverages,6,High
176,390.507,3.4476,45.1044,0.3672,One Dish Meal,2,NA
177,936.5742,13.2702,7.8336,124.8378,Lunch/Snacks,4,NA
178,116.28,115.923,3.162,26.8872,Chicken,4,NA
179,343.2504,1.071,1.9278,5.3244,Chicken,2,NA
180,418.5468,28.6518,3.57,131.4168,Lunch/Snacks,4,High
181,45.6654,12.1482,8.0886,1.0914,Breakfast,6,High
182,592.5588,23.6232,21.4098,5.7426,Pork,6,High
183,713.4288,57.783,3.264,3.5496,Meat,4,High
184,63.036,6.4056,0.7344,15.7692,Meat,4,NA
185,63.8418,24.4392,6.375,31.4466,Chicken Breast,6,NA
186,1292.085,157.2636,0.6018,0.4692,Chicken,4,High
187,525.7998,5.9976,13.5558,14.2392,Chicken,1,High
188,NA,NA,NA,NA,Potato,4,High
189,185.4972,33.7008,45.5634,5.5896,Pork,4,High
190,540.2736,24.225,2.3256,16.1262,Beverages,1,High
191,1356.906,1.6626,6.5178,71.7162,Dessert,4,NA
192,659.073,22.542,40.1268,17.0646,Pork,6,NA
193,1268.778,76.2654,0.765,8.364,Chicken,2,NA
194,507.6642,3.8046,19.227,8.2518,Lunch/Snacks,2,High
195,272.8602,16.3098,5.8854,0.969,Pork,1,NA
196,342.9954,38.1276,6.6606,23.5824,Chicken,1,High
197,220.422,8.0886,1.224,154.6728,Vegetable,6,NA
198,283.611,10.047,13.1886,27.285,Lunch/Snacks,6,High
199,653.871,27.5298,1.1016,20.604,Dessert,1,NA
200,53.3664,2.8968,3.0192,89.9742,Dessert,4,High
201,91.5144,11.0466,2.3052,4.6104,Meat,2,High
202,116.2494,12.7908,0.6528,8.0886,Meat,6,High
203,661.011,19.6656,0.1938,35.9856,Beverages,2,NA
204,67.4832,10.659,1.0914,8.9862,Chicken Breast,2,High
205,263.4966,5.3244,8.3946,29.631,Beverages,1,High
206,289.3944,34.731,1.6626,0.9384,Chicken,6,High
207,562.734,1.1322,6.018,189.9036,Potato,4,High
208,21.3996,1.2852,9.996,0.8364,One Dish Meal,1,NA
209,10.4142,45.5226,18.0948,13.7802,Potato,4,High
210,NA,NA,NA,NA,Pork,2,High
211,1188.4428,0.1428,4.4472,9.8328,Breakfast,1,High
212,316.302,49.5516,35.7102,40.9224,Potato,4,High
213,NA,NA,NA,NA,Pork,4,High
214,832.575,5.5284,8.4048,38.2194,Dessert,1,High
215,305.3064,9.7716,2.55,128.01,Vegetable,6,High
216,285.7326,1.122,7.7316,0.5712,One Dish Meal,2,NA
217,26.0202,41.4528,1.7034,3.3252,Chicken,2,High
218,1318.0236,90.984,14.5044,81.6306,Lunch/Snacks,4,High
219,169.7688,0.5406,30.2736,4.9572,Pork,6,High
220,1357.0896,10.5468,5.3244,79.1214,Lunch/Snacks,1,NA
221,638.2752,23.8476,12.2298,26.3058,Beverages,2,High
222,NA,NA,NA,NA,Pork,1,NA
223,49.0722,5.2326,0.2958,0.5202,Chicken,4,High
224,64.107,30.5796,4.4982,41.463,Lunch/Snacks,4,NA
225,195.7278,19.6758,5.5998,3.7842,Breakfast,4,High
226,136.476,5.5896,0.4488,58.9152,Potato,6,High
227,2757.1824,6.528,2.2134,28.764,Potato,6,High
228,127.2858,162.0984,1.7952,23.5314,Beverages,1,High
229,0.1428,18.4824,11.373,89.0868,Chicken,2,High
230,401.6046,40.0452,1.3566,17.7276,Vegetable,1,NA
231,426.5844,32.7216,20.1756,0.2958,One Dish Meal,1,NA
232,252.7458,33.4764,4.6614,10.2612,Meat,2,High
233,211.5174,12.291,22.4706,0.3876,One Dish Meal,4,NA
234,534.1638,2.0196,0.7344,42.381,Lunch/Snacks,6,High
235,639.7032,35.6592,42.33,16.473,Pork,6,NA
236,364.293,40.4634,2.2848,39.4026,Lunch/Snacks,4,NA
237,492.6498,54.8046,6.6606,3.5292,Pork,6,High
238,161.8128,46.6242,4.7532,92.9832,Lunch/Snacks,2,NA
239,593.334,11.7096,8.0988,13.9128,Vegetable,4,High
240,605.4312,248.064,0.612,2.6112,Vegetable,2,NA
241,550.5756,15.1368,17.6358,21.981,Chicken Breast,2,NA
242,807.8298,57.2424,2.5194,2.8254,Breakfast,4,High
243,1581.204,74.3172,1.5198,41.1366,Lunch/Snacks,4,High
244,666.978,114.036,5.1408,0.3672,Breakfast,6,High
245,163.6386,11.5974,0.612,0.2448,Breakfast,6,High
246,344.2296,28.5396,2.3052,19.431,Breakfast,2,High
247,73.4094,17.2788,0.969,3.4374,Meat,2,High
248,553.3398,7.0686,26.6832,30.2634,Chicken,4,NA
249,213.0474,32.9868,7.5582,6.5484,Vegetable,6,NA
250,NA,NA,NA,NA,Vegetable,6,NA
251,783.8802,2.3664,4.8042,11.4138,Vegetable,4,NA
252,131.6106,52.6014,7.8132,6.171,Chicken,4,High
253,44.9004,7.089,1.2546,2.4174,Meat,4,High
254,244.1472,57.8544,18.3906,0.1326,One Dish Meal,1,NA
255,366.18,1.683,1.1322,20.961,Vegetable,4,High
256,883.6566,45.9816,7.8948,65.7492,Chicken Breast,1,NA
257,696.3846,31.9872,5.814,3.6516,Breakfast,2,High
258,586.5714,71.3388,1.2036,1.836,Meat,1,High
259,128.469,8.007,5.4876,0.8466,One Dish Meal,2,NA
260,688.3368,2.6928,3.7128,1.2852,Meat,2,High
261,673.0164,10.0776,6.0894,4.9266,Beverages,6,NA
262,140.3826,195.0342,2.091,5.4366,Breakfast,2,High
263,NA,NA,NA,NA,Vegetable,4,NA
264,471.6582,3.5598,6.8442,0.9486,Meat,6,High
265,370.1478,35.3226,1.224,7.6296,Potato,2,High
266,639.1422,10.9344,4.5594,6.018,Breakfast,1,High
267,444.7506,7.8132,22.746,23.4906,Dessert,4,High
268,1802.8806,10.1592,4.2432,71.808,Potato,4,High
269,424.3302,1.8768,18.3498,1.4382,Potato,1,High
270,34.0272,34.2924,19.4208,13.5048,Beverages,4,NA
271,466.497,12.9948,4.9266,21.8586,Lunch/Snacks,4,High
272,444.6588,59.823,40.2492,11.4036,Pork,1,High
273,603.9624,28.0908,3.0294,22.3176,Chicken,4,NA
274,290.7102,2.244,16.1262,0.7752,One Dish Meal,4,NA
275,875.8434,5.1714,7.6194,1.8768,Chicken,1,High
276,609.501,20.043,6.3138,6.7626,Chicken,6,High
277,0.7752,1.938,3.8352,0.051,Meat,2,High
278,461.4378,90.9738,3.8046,19.0944,Chicken Breast,4,NA
279,NA,NA,NA,NA,Chicken,4,High
280,408.3774,24.225,2.2542,8.7108,Beverages,2,NA
281,NA,NA,NA,NA,Dessert,1,High
282,418.1898,13.8822,1.9992,8.9454,Meat,4,High
283,32.283,5.5284,6.8238,13.515,Meat,6,High
284,117.0348,33.3438,10.2204,89.2092,Potato,6,High
285,72.2262,27.54,11.4036,0.2142,One Dish Meal,4,NA
286,1464.057,76.9386,17.4318,0.3672,Chicken,1,High
287,13.2294,29.2536,11.9748,0.6222,One Dish Meal,4,NA
288,378.3384,6.783,4.641,12.2094,Chicken,1,NA
289,36.3426,2.5704,19.5942,0.1836,One Dish Meal,1,NA
290,227.4702,26.5098,7.6704,11.9238,Dessert,4,High
291,244.698,52.1526,134.0178,3.4476,Pork,2,High
292,386.7432,4.8858,0.408,5.3754,Lunch/Snacks,4,NA
293,1916.3964,0.816,7.752,90.7902,Lunch/Snacks,1,High
294,419.1384,23.6334,1.0608,19.7268,Dessert,6,NA
295,246.942,6.8136,0.255,30.4164,Potato,4,High
296,161.6292,21.0324,6.426,4.845,Meat,2,High
297,497.6172,145.0644,5.3142,1.1118,Breakfast,6,High
298,NA,NA,NA,NA,Chicken,6,NA
299,26.4282,0.8364,3.366,45.6552,Lunch/Snacks,4,NA
300,1303.5294,4.233,0.2958,7.7928,Potato,1,High
301,85.9554,5.1714,9.1494,0.3876,One Dish Meal,1,NA
302,299.7372,11.6586,3.2232,0.9996,Meat,2,High
303,907.035,13.7088,1.6422,2.6316,Chicken Breast,2,NA
304,170.4318,7.854,31.3446,13.1274,Pork,6,NA
305,183.039,15.4938,2.2746,2.5806,Breakfast,1,High
306,662.8266,22.0728,1.7238,0.1326,Dessert,2,High
307,1740.885,25.0818,5.457,40.3206,Dessert,4,High
308,414.171,130.7844,18.9516,15.3612,Beverages,2,NA
309,75.3882,35.751,2.1318,14.9736,Meat,6,High
310,592.6608,39.2904,0.102,84.507,Lunch/Snacks,1,High
311,926.8026,43.3806,1.2342,47.0526,Potato,4,High
312,500.8302,34.6188,6.2016,5.559,Pork,4,NA
313,1074.2742,12.2706,16.9728,5.0184,Chicken Breast,2,High
314,88.9134,13.4742,0.3978,161.9862,Dessert,4,NA
315,138.4752,21.9096,8.0988,7.446,Lunch/Snacks,4,NA
316,134.9358,51.2856,1.9176,23.3478,Beverages,4,NA
317,170.0646,16.0548,4.4268,173.1756,Dessert,4,High
318,94.0542,8.7006,0.2448,14.4228,Chicken,4,High
319,482.3682,8.8536,1.9482,15.3816,Dessert,4,High
320,417.2106,73.0116,5.8446,128.1732,Lunch/Snacks,2,High
321,32.385,17.0442,1.0404,23.6028,Beverages,1,NA
322,77.7342,93.075,6.2424,3.3354,Pork,4,High
323,262.8642,143.7792,9.6492,8.9454,Beverages,6,High
324,50.49,67.9728,4.7838,54.3966,Beverages,4,NA
325,786.9504,97.9506,1.5198,7.6704,Pork,4,High
326,732.7068,16.9422,8.7108,4.6104,Vegetable,4,NA
327,NA,NA,NA,NA,Breakfast,4,High
328,814.3578,0.8772,0.51,0.408,Meat,4,High
329,572.6586,12.0666,9.18,193.1166,Potato,6,High
330,563.8866,40.341,3.6822,49.5108,Breakfast,4,High
331,698.5776,41.9016,2.04,1.5096,One Dish Meal,2,NA
332,989.6244,180.7644,1.836,6.5688,Chicken,2,High
333,21.2262,34.5984,5.5488,18.9108,Chicken,4,High
334,572.6688,44.1252,0.1428,98.1954,Lunch/Snacks,6,NA
335,542.6502,32.3952,1.4688,18.3192,Chicken,4,High
336,155.4684,12.3522,0.3876,5.6712,Chicken Breast,2,NA
337,874.4868,68.7276,5.0694,2.856,Pork,4,NA
338,140.8722,3.774,5.3448,64.8312,Vegetable,4,High
339,492.1602,26.7342,5.3958,19.3086,Breakfast,4,High
340,294.321,145.1256,51.1734,0.4794,Pork,4,NA
341,1276.4484,12.5256,0.1734,0.6018,Chicken,4,High
342,24.1128,104.5704,14.5044,62.4444,Chicken Breast,4,High
343,113.322,38.301,6.732,244.3614,Chicken,2,NA
344,977.4456,51.0204,0.9996,9.4554,Beverages,6,High
345,137.1696,46.41,37.8216,0.204,Vegetable,4,NA
346,191.2092,48.5724,16.626,80.3862,Potato,1,High
347,112.9038,59.976,46.2366,1.2546,Pork,6,High
348,424.4424,3.4986,1.071,10.3224,Vegetable,6,High
349,1223.184,41.7792,1.581,30.1206,Potato,6,High
350,96.1554,390.7212,6.0996,40.4022,Breakfast,1,High
351,46.5324,15.6468,3.3354,2.2032,Beverages,6,High
352,NA,NA,NA,NA,Breakfast,4,High
353,796.773,3.9882,0.3978,21.8382,Potato,4,High
354,1066.1142,5.2224,1.8258,72.1038,Dessert,4,NA
355,NA,NA,NA,NA,Potato,4,High
356,1364.4642,3.9168,8.6496,0.969,Meat,6,High
357,2328.252,4.59,4.2432,31.8138,Chicken Breast,4,High
358,264.5472,20.451,3.519,92.9832,Dessert,4,High
359,235.824,15.4836,7.0992,72.165,Vegetable,1,High
360,139.1892,31.7118,2.448,6.9054,Breakfast,2,High
361,867.1632,2.6112,1.5504,9.4962,Chicken,6,High
362,1028.007,3.4986,5.8956,60.4146,Lunch/Snacks,4,High
363,532.2156,77.8974,12.8826,8.7924,Breakfast,6,High
364,11.832,39.8208,14.1882,4.1412,Pork,4,NA
365,273.4008,79.254,2.4786,0.8976,One Dish Meal,2,NA
366,527.0952,13.8618,3.0192,51.1938,Lunch/Snacks,4,NA
367,35.6694,17.2176,4.6308,14.3208,Meat,4,High
368,125.4804,206.7132,16.32,8.3028,Pork,6,High
369,589.968,9.6186,4.488,8.5272,Lunch/Snacks,1,High
370,203.5308,9.282,8.3334,10.302,Dessert,6,High
371,1229.7936,2.8356,1.2648,112.1184,Dessert,6,NA
372,265.149,19.3086,5.1816,0.3366,Meat,6,High
373,NA,NA,NA,NA,Meat,2,High
374,894.8358,16.9524,37.791,21.5118,Potato,4,High
375,304.6638,1.2036,11.6994,0.0306,One Dish Meal,6,NA
376,271.0242,11.9136,11.934,0.8058,Meat,2,High
377,NA,NA,NA,NA,Potato,6,High
378,185.8542,11.8932,0.9282,75.4188,Lunch/Snacks,4,High
379,240.6282,44.064,42.0648,4.3554,Pork,1,High
380,77.4078,22.9602,8.3436,17.9928,Dessert,6,High
381,442.9758,65.8614,2.9682,7.3032,Breakfast,2,High
382,1390.0662,26.7342,1.9788,127.9386,Lunch/Snacks,4,NA
383,281.4792,30.5388,13.4844,7.6398,Vegetable,1,High
384,722.8128,46.3488,4.641,226.3482,Lunch/Snacks,6,High
385,345.5148,71.5428,0.5916,13.6272,Vegetable,4,NA
386,76.6734,6.579,8.7618,0.7446,One Dish Meal,2,High
387,91.8102,61.3836,15.8304,17.9928,Beverages,4,NA
388,2.1828,20.5122,0.1632,1.4484,One Dish Meal,4,NA
389,NA,NA,NA,NA,Chicken,4,High
390,260.6916,48.399,1.6116,5.0184,Meat,4,High
391,265.0266,91.086,1.6422,6.12,Beverages,4,NA
392,112.2714,4.1514,9.282,9.0576,Breakfast,6,High
393,469.6998,19.2168,17.2992,53.04,Vegetable,4,NA
394,47.5932,4.794,13.3722,35.9856,Vegetable,1,NA
395,51.9588,37.9236,0.51,11.0568,Beverages,1,NA
396,92.769,15.3306,5.4264,19.6758,Beverages,1,High
397,65.6472,11.5056,12.7194,21.2874,Breakfast,4,High
398,2092.3668,2.5092,2.1624,71.0124,Vegetable,2,High
399,130.866,15.045,3.0702,16.6668,Potato,4,High
400,73.3074,32.0688,1.3668,33.099,Lunch/Snacks,2,NA
401,345.4842,61.1388,12.5052,31.3344,Beverages,4,NA
402,646.5474,16.4322,2.5194,7.395,Chicken,6,NA
403,297.4728,2.1624,43.656,11.271,Beverages,6,NA
404,129.4992,19.4922,18.5334,0.1836,One Dish Meal,4,NA
405,143.973,69.4008,1.5096,7.089,Dessert,4,High
406,NA,NA,NA,NA,Meat,4,High
407,173.2266,43.2684,2.0196,31.722,Dessert,4,High
408,267.3318,2.856,8.8536,0.0816,One Dish Meal,6,NA
409,1094.8578,8.4864,16.4322,8.313,Chicken,4,NA
410,110.7924,13.9536,6.8544,0.2346,One Dish Meal,2,NA
411,386.223,38.76,5.4978,24.5208,Dessert,6,NA
412,629.85,14.9736,10.0776,3.1824,Pork,6,High
413,242.7294,3.417,1.2342,5.508,Meat,6,High
414,153.8466,120.564,0.765,6.3954,Breakfast,4,High
415,614.7948,28.5906,2.9784,5.916,Beverages,1,NA
416,478.1352,36.312,2.0298,21.0732,Dessert,4,High
417,665.2236,54.2538,28.7436,2.652,Beverages,6,NA
418,729.9732,9.1596,2.0094,0.9486,Meat,4,High
419,1866.8856,3.9984,1.8666,45.6348,Lunch/Snacks,1,High
420,547.1484,9.0474,2.1216,39.2394,Lunch/Snacks,4,High
421,95.9208,5.2734,0.6936,0.0102,One Dish Meal,2,NA
422,338.8338,26.3772,1.0608,20.655,Dessert,4,High
423,245.3304,19.89,5.7528,2.4888,Potato,4,High
424,203.3268,23.3376,33.354,0.153,One Dish Meal,2,NA
425,77.8056,122.0226,0.4182,18.1458,Chicken,4,High
426,1288.413,5.2428,16.8708,102.4692,Dessert,2,High
427,191.1582,19.5024,88.7094,4.5798,Pork,6,NA
428,NA,NA,NA,NA,Meat,4,High
429,1679.7666,103.1322,2.8254,15.1674,Dessert,1,High
430,162.0168,20.145,12.9132,10.2714,Beverages,4,NA
431,11.9646,17.9214,6.1914,0.9282,One Dish Meal,4,NA
432,410.04,48.5214,0.3672,0.0204,One Dish Meal,6,NA
433,1019.9796,37.383,5.7732,17.0544,Lunch/Snacks,4,High
434,49.9086,66.9936,1.6524,9.741,Dessert,4,High
435,316.7304,12.7908,3.2742,1.632,Lunch/Snacks,6,NA
436,311.1918,22.4196,31.212,12.0258,Chicken,4,High
437,740.7546,43.5744,1.6524,19.5738,Chicken Breast,6,High
438,1533.9984,13.7598,4.8858,1.938,Lunch/Snacks,6,NA
439,154.9176,7.5582,6.2118,41.0448,Chicken Breast,4,High
440,116.3616,15.4326,1.8462,39.372,Vegetable,1,High
441,301.5324,22.9194,30.3144,7.9152,Pork,6,High
442,549.6576,6.9768,7.089,44.7882,Chicken Breast,2,NA
443,110.4456,62.1588,7.9458,56.5692,Chicken Breast,4,High
444,731.1258,25.4286,3.3864,16.4322,Dessert,6,High
445,250.4406,5.0184,23.1948,84.0378,Vegetable,6,NA
446,381.837,15.4938,9.4044,2.5398,Pork,2,High
447,128.2752,9.3636,0.5508,87.0264,Lunch/Snacks,2,High
448,461.5602,2.9172,9.69,17.1156,Vegetable,2,NA
449,411.774,2.0094,14.2188,1.1016,Beverages,4,NA
450,147.1656,40.4226,8.9862,14.8818,Potato,4,High
451,186.4152,541.0284,5.916,5.1102,Breakfast,4,High
452,1573.3806,15.0246,5.8242,30.5184,Chicken,4 as a snack,High
453,368.3934,21.9504,3.4476,19.6044,Chicken,6,NA
454,50.184,177.4086,3.6006,6.0792,Beverages,2,NA
455,18.5946,22.7664,5.2428,18.7374,Breakfast,6,High
456,NA,NA,NA,NA,Potato,6,High
457,292.434,30.5184,2.856,28.6314,Beverages,4,High
458,812.6748,45.747,2.4072,3.5088,Breakfast,4,High
459,264.5064,92.463,3.876,87.5262,Chicken Breast,1,High
460,740.3364,42.5136,1.5402,7.9356,Breakfast,6,High
461,1203.09,0.3162,13.974,1.4484,Chicken Breast,4,High
462,356.2758,6.3036,1.9584,25.6836,Meat,2,High
463,909.534,3.06,5.0694,31.9872,Beverages,4,High
464,193.0554,9.7308,6.5994,0.3468,One Dish Meal,6,NA
465,110.7516,22.1034,0.2448,11.4648,Meat,1,High
466,52.8462,25.9386,0.8874,43.554,Chicken Breast,2,NA
467,48.8478,4.284,12.0156,0.9486,One Dish Meal,6,NA
468,29.7738,1.3566,67.3506,2.6112,Pork,6,High
469,27.6522,23.0826,5.0286,0,One Dish Meal,1,NA
470,766.2036,166.5966,13.9842,29.9778,Chicken,6,NA
471,1297.542,3.1926,0.7446,25.9488,Lunch/Snacks,1,NA
472,1266.6666,6.1302,10.5672,12.2298,Potato,4,High
473,521.6178,6.3852,7.3134,6.7524,Pork,4,High
474,69.0744,11.2506,5.4264,41.1978,Potato,1,High
475,361.1004,15.6672,27.5094,65.433,Lunch/Snacks,2,High
476,56.0694,3.7944,7.4052,1.1016,Meat,4,High
477,564.7434,2.703,1.734,8.1192,Meat,4,High
478,28.8966,67.626,0.7854,10.3326,Chicken,6,NA
479,557.022,26.6526,3.2334,19.8084,Vegetable,6,High
480,535.7856,63.7092,1.2954,11.067,Chicken,1,High
481,402.441,51.9792,2.499,67.728,Vegetable,1,NA
482,400.809,105.5292,5.0694,1.0812,Meat,6,High
483,939.1446,10.1082,39.4332,0.3672,Pork,4,High
484,212.8332,15.5142,1.632,12.6786,Lunch/Snacks,2,NA
485,230.3874,6.3138,3.0294,2.9478,Vegetable,1,NA
486,141.9738,20.502,18.768,4.029,Beverages,4,High
487,7.701,55.2738,0.9282,14.4636,Chicken,1,High
488,1321.1142,35.4654,0.765,174.6444,Dessert,2,High
489,42.9726,1.8666,2.7336,11.6586,Beverages,4,NA
490,346.596,2.8662,3.0906,0.2448,One Dish Meal,4,NA
491,28.3356,25.7346,17.9316,0.0408,One Dish Meal,4,NA
492,83.9664,16.7688,2.9172,16.5444,Beverages,2,NA
493,15.2592,37.791,16.0242,0.0102,One Dish Meal,4,NA
494,593.6094,8.4558,29.733,0.4386,One Dish Meal,4,NA
495,47.2668,18.6048,0.153,1.6116,Meat,4,High
496,1201.4988,49.215,0.7956,18.666,Potato,2,High
497,265.353,23.5314,72.9504,3.2844,Pork,2,High
498,357.6222,74.7558,18.1254,2.0196,Pork,4,High
499,480.0936,2.7642,3.9984,32.028,Beverages,1,NA
500,339.6702,19.8288,0.7038,12.7194,Dessert,1,High
501,0.306,5.2938,0.9792,1.5402,One Dish Meal,4,NA
502,900.7824,72.2262,6.987,95.88,Vegetable,6,NA
503,1132.7508,28.5294,4.0392,29.223,Chicken Breast,4,High
504,539.8452,102.714,5.9976,9.792,Meat,4,High
505,148.8078,31.1508,8.6394,0.8364,One Dish Meal,4,NA
506,280.6836,5.5182,8.058,0.7446,Lunch/Snacks,2,NA
507,873.528,54.3354,11.8626,6.528,Meat,4,High
508,38.4948,35.6388,14.1882,26.112,Beverages,4,NA
509,138.567,24.3678,12.6276,15.1878,Breakfast,1,High
510,142.3104,27.0708,3.1416,6.9666,Lunch/Snacks,4,NA
511,221.9214,8.5986,7.4052,80.0394,Lunch/Snacks,4,NA
512,388.365,24.6024,2.8662,7.1604,Breakfast,4,High
513,7.5378,4.5594,11.8524,10.965,Meat,4,High
514,3.0396,10.0062,29.1516,19.4922,Lunch/Snacks,1,NA
515,33.0072,1.53,13.9434,12.3318,Beverages,1,High
516,472.7904,5.2938,17.9622,0.4284,One Dish Meal,1,NA
517,269.4126,39.831,3.0294,23.5008,Vegetable,4,High
518,234.2736,10.9344,5.8548,1.3668,Meat,4,High
519,165.0462,17.136,31.1712,0.1428,One Dish Meal,4,NA
520,141.5862,13.1682,14.9022,0.0408,One Dish Meal,1,NA
521,370.7802,23.9904,0.51,80.0598,Lunch/Snacks,1,High
522,613.0098,199.716,5.355,23.5722,Chicken Breast,4,High
523,461.7234,21.7056,12.3726,147.6042,Lunch/Snacks,2,High
524,76.2756,3.0294,7.701,0.714,One Dish Meal,6,NA
525,549.8922,13.7292,0.8466,13.6578,Lunch/Snacks,4,High
526,95.37,40.0656,2.6214,24.1536,Beverages,4,NA
527,503.1252,3.162,5.5386,17.697,Beverages,2,NA
528,10.8732,2.3664,0.0816,74.8884,Potato,6,High
529,200.6238,1.9278,1.5096,1.8462,Lunch/Snacks,6,NA
530,457.5618,185.6196,37.1994,12.2706,Chicken Breast,6,High
531,NA,NA,NA,NA,Meat,1,High
532,136.374,51.2244,0.102,33.3642,Lunch/Snacks,6,NA
533,545.394,1.0098,0.3264,3.2334,Breakfast,1,High
534,78.2952,0.663,49.1742,0.204,One Dish Meal,4,NA
535,NA,NA,NA,NA,Vegetable,2,High
536,703.0758,5.2428,1.1526,12.9744,Meat,4,High
537,897.2022,0.0306,8.5068,7.9866,Lunch/Snacks,4,High
538,120.309,17.4522,6.8034,1.173,One Dish Meal,2,NA
539,NA,NA,NA,NA,Meat,4,High
540,86.5266,27.4686,44.2068,10.7304,Pork,6,NA
541,61.8324,143.7996,151.725,5.6406,Pork,1,NA
542,523.2906,2.2236,0.1326,50.1228,Chicken,2,High
543,52.2138,40.7592,8.2722,18.6762,Breakfast,4,High
544,230.9076,13.7088,0.459,38.454,Breakfast,4,High
545,207.2232,16.9422,55.4166,0.6018,One Dish Meal,4,NA
546,NA,NA,NA,NA,Lunch/Snacks,6,High
547,1402.704,19.1658,28.3866,30.192,Dessert,2,NA
548,1749.7896,45.5532,6.8034,33.6396,Potato,4,High
549,1469.5038,31.2018,5.8956,31.2426,Chicken,6 as a snack,High
550,482.8782,10.1082,1.8768,6.7014,Breakfast,4,High
551,945.693,0.051,1.7646,12.5358,Breakfast,4,High
552,243.066,0.2142,9.6186,2.6928,Dessert,2,NA
553,246.1566,32.8338,1.4586,1.02,Meat,2,High
554,217.26,56.9568,12.2196,1.2138,Lunch/Snacks,4,High
555,63.0564,15.9426,5.3346,19.4412,Potato,4,NA
556,NA,NA,NA,NA,Dessert,2,NA
557,434.7954,15.2796,9.945,4.5696,Beverages,2,NA
558,35.6694,2.7846,30.9264,5.049,Beverages,2,High
559,578.442,15.861,9.5268,14.382,Vegetable,4,NA
560,224.0532,24.8472,5.4366,1.3464,Beverages,2,High
561,247.707,29.3862,2.0298,8.7414,Beverages,1,NA
562,151.1334,40.2594,0.1632,15.1266,Chicken,4,NA
563,188.088,4.9164,4.2228,33.9762,Lunch/Snacks,4,NA
564,22.4604,31.824,0.7548,71.4714,Lunch/Snacks,1,High
565,356.1738,27.9276,12.801,99.8478,Chicken Breast,4,High
566,379.7154,83.1504,3.8454,23.1948,Chicken Breast,4,High
567,1668.1692,35.7,9.5778,42.9726,Potato,1,NA
568,3.1314,46.6548,17.1054,9.5472,Beverages,4,NA
569,427.6656,16.1772,0.6018,10.2,Chicken Breast,4,High
570,541.7322,3.2742,0.8568,57.3138,Vegetable,1,High
571,189.465,27.2034,2.2542,22.797,Chicken Breast,1,NA
572,225.0936,4.9572,3.0396,19.278,Meat,4,High
573,630.1968,16.6362,4.335,9.7818,Lunch/Snacks,1,High
574,NA,NA,NA,NA,Chicken,4,NA
575,514.284,27.7848,0.7854,8.7516,Dessert,2,NA
576,130.866,214.9854,114.4848,13.2804,Pork,4,NA
577,562.326,129.5094,1.5402,9.9654,Beverages,4,NA
578,23.919,18.3396,7.242,9.9246,Breakfast,2,High
579,591.9366,22.6134,3.8454,9.4044,Breakfast,4,High
580,201.0522,4.8348,19.1964,2.601,One Dish Meal,1,NA
581,476.8194,56.712,2.2848,52.173,Dessert,6,NA
582,NA,NA,NA,NA,Vegetable,1,NA
583,460.8258,20.0328,4.2432,5.4774,Meat,6,High
584,273.7272,12.5358,6.5892,79.815,Vegetable,4,NA
585,380.766,116.2698,3.111,7.4664,Chicken Breast,2,NA
586,832.1772,70.0842,0.9996,68.238,Lunch/Snacks,2,High
587,10.812,66.1776,1.6524,24.2454,Chicken,2,NA
588,1.5912,61.0674,6.7014,35.7,Potato,4,High
589,251.7156,12.8316,2.8662,23.8272,Potato,2,High
590,817.7544,41.5956,4.9164,44.9106,Dessert,6,High
591,53.1216,76.8978,50.5206,28.9374,Potato,6,High
592,763.9596,39.4332,2.5806,32.8746,Potato,6,NA
593,88.7808,7.8846,86.6592,9.639,Pork,1,High
594,379.7766,11.883,5.6406,34.8942,Potato,2,High
595,358.6422,19.2168,11.0874,9.8124,Vegetable,2,NA
596,313.038,20.043,10.5468,28.9374,Potato,2,High
597,293.0664,10.4448,2.3664,2.2236,One Dish Meal,1,NA
598,216.648,19.584,2.295,24.2556,Beverages,2,NA
599,302.1546,9.0168,5.202,0.6936,One Dish Meal,6,NA
600,920.5908,6.63,7.3134,42.432,Potato,2,High
601,505.0326,33.507,4.3248,14.4942,Breakfast,6,High
602,576.5346,93.789,13.7088,3.2742,Breakfast,1,NA
603,52.9074,31.722,4.1412,49.623,Lunch/Snacks,2,NA
604,103.9992,33.1194,11.6688,3.2436,Meat,4,High
605,9.7104,6.528,8.5272,50.5614,Dessert,1,High
606,100.6434,1.4586,7.8846,8.3028,Vegetable,4,High
607,79.305,21.8382,3.5802,3.1824,Meat,4,High
608,52.8768,78.5604,5.1918,6.7014,Potato,4,High
609,NA,NA,NA,NA,Lunch/Snacks,4,NA
610,487.7436,91.1982,0.5916,9.8532,Chicken,4,NA
611,196.656,79.8558,0.4182,1.6524,Breakfast,1,High
612,1300.7346,33.7926,8.5068,45.1146,Vegetable,4,NA
613,796.0896,7.1706,2.1216,10.1286,Chicken,1,High
614,75.9594,31.4364,1.8972,4.896,Beverages,2,NA
615,238.9452,9.7716,10.2,2.9376,Breakfast,4,High
616,45.9204,9.0066,0.816,3.6414,Beverages,1,NA
617,390.0786,64.209,20.2062,183.6612,Potato,4,High
618,834.9312,96.7062,4.2126,2.6112,Beverages,6,NA
619,375.4518,6.834,0.6936,8.3232,Chicken,1,NA
620,42.1158,4.539,3.1008,9.2616,Lunch/Snacks,4,NA
621,26.6628,49.3986,2.0196,31.0896,Chicken,4,High
622,447.4332,130.0194,3.6822,0.0714,Pork,2,High
623,134.5584,8.0988,2.4684,3.6312,Meat,1,High
624,241.3524,9.8634,0.8262,9.2514,Breakfast,6,High
625,69.9108,7.701,18.0336,0.9486,One Dish Meal,4,NA
626,115.3824,89.3112,17.2992,1.581,Beverages,2,High
627,554.8902,40.0758,1.785,2.346,Lunch/Snacks,6,High
628,204.7446,9.2208,2.2644,4.8144,Beverages,4,NA
629,738.9186,5.2836,2.142,10.8834,Chicken Breast,6,High
630,375.8598,27.9276,13.6986,0.6426,Vegetable,4,NA
631,398.1978,51.51,1.8768,33.3132,Chicken,1,High
632,305.8164,41.6058,4.4472,1.0812,Lunch/Snacks,6,High
633,108.069,56.916,0.0714,7.701,Meat,2,High
634,552.6972,54.4578,1.122,8.5782,Meat,4,High
635,229.8672,23.5212,7.7418,22.0014,Lunch/Snacks,4,NA
636,521.0058,49.7658,1.9074,7.3644,Chicken,1,High
637,2069.9166,25.5816,0.6222,55.08,Chicken Breast,1,High
638,149.8074,77.6526,1.683,95.0028,Vegetable,1,NA
639,328.389,1.4382,10.9752,114.8928,Dessert,1,High
640,1612.0896,16.524,8.8434,10.761,Dessert,4,NA
641,141.4128,18.1458,8.6904,6.9564,Meat,2,High
642,1015.8996,55.5288,16.473,135.5274,Lunch/Snacks,2,NA
643,1642.2612,43.4316,0.2448,49.5108,Dessert,4,High
644,572.9544,19.2066,11.9952,5.8038,Pork,4,NA
645,26.6832,33.3846,1.3464,0.7446,Breakfast,2,High
646,1317.2892,64.8924,8.3844,19.2372,Chicken,1,High
647,830.0964,34.4454,1.7136,1.0302,Vegetable,4,NA
648,553.4112,7.6704,7.9764,41.5548,Potato,4,High
649,134.5788,1.2138,1.9278,0.0714,One Dish Meal,4,NA
650,345.5454,14.1576,1.7238,0.2448,One Dish Meal,2,NA
651,274.8492,71.9406,6.6504,23.715,Breakfast,4,High
652,339.2826,26.2038,6.7932,1.7646,One Dish Meal,4,NA
653,0.5508,31.2018,10.659,0.3672,One Dish Meal,6,High
654,747.6192,8.4762,0.9282,0.6936,Breakfast,6,High
655,0.6018,19.1964,59.16,16.7688,Pork,2,High
656,297.7278,37.0056,64.4028,7.1604,Pork,4,High
657,467.8332,7.5174,13.6374,80.3352,Lunch/Snacks,1,NA
658,137.7714,26.8464,4.6716,7.2522,Breakfast,4,High
659,17.2074,63.0054,6.0282,10.5264,Beverages,1,High
660,383.1018,15.7284,7.752,18.054,Chicken Breast,4,High
661,294.6372,29.2026,51.8262,7.8642,Pork,6,High
662,736.2462,0.1938,0.3366,19.38,Pork,1,High
663,729.4428,20.7774,3.3354,2.5194,Pork,1,NA
664,121.0842,9.7716,3.2232,0.7038,One Dish Meal,6,NA
665,1078.0788,38.8518,4.3554,47.5218,Vegetable,4,NA
666,656.7474,0.714,36.4548,13.2192,Meat,6,High
667,102.3978,9.8532,24.8574,17.3094,Meat,2,High
668,1297.338,51.1326,17.136,19.8288,Potato,2,High
669,350.8392,24.2658,60.0576,0.4182,Pork,1,High
670,0.816,12.5052,1.3566,6.3342,Lunch/Snacks,6,NA
671,491.5176,12.9948,1.3668,52.938,Vegetable,1,High
672,653.463,8.4864,2.0808,54.7128,Dessert,4,NA
673,67.3506,22.9194,5.0388,1.8156,Meat,2,High
674,16.1058,12.1278,5.1816,3.825,Meat,4,High
675,NA,NA,NA,NA,Potato,4,High
676,731.1768,15.4224,4.2534,2.295,Breakfast,6,High
677,267.1176,0.5916,13.1274,1.7952,One Dish Meal,1,NA
678,1008.4332,104.7744,3.264,17.697,Beverages,4,NA
679,159.12,21.3792,10.4856,78.9378,Dessert,1,High
680,182.529,23.0418,4.1208,7.1808,Chicken Breast,2,High
681,11.8014,20.961,0.51,0.0204,One Dish Meal,1,NA
682,346.1676,5.865,10.3938,370.6272,Lunch/Snacks,6,High
683,150.1848,9.9144,0.9588,55.08,Vegetable,4,NA
684,NA,NA,NA,NA,Breakfast,1,High
685,1457.0394,19.635,0.1326,32.2116,Vegetable,4,NA
686,74.766,7.8846,4.029,37.1994,Meat,6,High
687,995.418,11.0262,3.1008,61.455,Lunch/Snacks,4,NA
688,254.3166,70.8084,8.0682,11.5158,Pork,4,High
689,397.0962,140.811,7.9662,8.0988,Breakfast,6,High
690,494.343,62.1588,1.071,4.539,Breakfast,4,High
691,283.917,22.695,1.5402,18.258,Vegetable,1,High
692,58.0482,109.2624,1.9482,0.816,Meat,4,High
693,508.5312,6.0792,2.1216,15.7488,Beverages,2,NA
694,33.5784,174.2976,53.091,6.3954,Pork,4,High
695,1375.368,155.2848,0.153,2.6112,Chicken Breast,2,High
696,908.9322,15.504,1.53,292.7094,Vegetable,2,NA
697,1728.7062,42.3708,11.1792,33.3744,Dessert,4,High
698,94.2888,29.8758,2.652,27.7338,Lunch/Snacks,1,NA
699,86.9958,47.3178,2.8356,5.1816,Meat,2,High
700,641.0598,21.2772,0.3366,18.0948,Lunch/Snacks,6,High
701,114.7092,15.8508,4.4166,26.622,Chicken,4,High
702,594.1398,12.4134,0.1326,9.486,Vegetable,6,NA
703,531.7464,4.9776,11.9238,33.6396,Vegetable,6,High
704,678.3102,11.883,19.5432,27.1932,Beverages,4,NA
705,392.6592,59.7822,0.561,23.8476,Vegetable,2,NA
706,467.7006,29.4678,6.4464,93.8502,Beverages,1,NA
707,319.8006,42.2688,6.069,5.1714,Beverages,2,NA
708,305.1534,21.063,6.4668,12.903,Potato,6,High
709,284.325,40.1472,5.151,0.0714,Beverages,1,NA
710,329.3478,15.1572,0.0204,6.9768,Chicken,6,High
711,211.7214,1.5504,4.5492,15.351,Chicken Breast,6,High
712,NA,NA,NA,NA,Chicken,4,High
713,NA,NA,NA,NA,Potato,6,High
714,734.7162,7.0176,0.7752,17.5848,Dessert,4,High
715,1065.135,31.4874,3.774,5.4774,Breakfast,4,High
716,1362.2508,28.3764,9.2106,8.8128,Beverages,2,NA
717,115.6374,4.998,1.3158,17.4216,Potato,6,High
718,1019.5818,143.0244,5.1816,0.7752,Chicken Breast,1,High
719,933.453,45.696,9.1494,14.5554,Breakfast,4,High
720,434.265,165.3522,0.6528,7.8846,Chicken,6,High
721,243.882,82.4466,0.306,23.715,Beverages,2,High
722,1620.0252,69.1968,13.6986,5.9568,Pork,6,High
723,1091.451,126.6432,2.2236,51.8568,Chicken Breast,6,High
724,994.1022,2.7234,4.8144,3.1416,Potato,4,High
725,269.2188,0.9996,7.5582,13.3416,Potato,4,High
726,28.0092,8.466,7.0482,18.513,Dessert,4,High
727,407.2452,98.6442,8.772,53.04,Potato,4,High
728,218.0454,59.2416,1.6218,1.2138,One Dish Meal,6,NA
729,834.9006,5.0694,1.275,32.2218,Chicken,4,High
730,481.5522,15.3816,25.1226,23.6742,Beverages,4,NA
731,245.82,17.1666,16.728,1.0404,One Dish Meal,2,NA
732,726.5154,23.766,8.5578,55.6002,Vegetable,2,High
733,1252.7028,33.1908,1.7034,7.5276,Breakfast,4,High
734,219.3306,9.0372,1.122,3.8454,Lunch/Snacks,1,High
735,55.4778,63.0054,8.9454,13.1478,Potato,4,High
736,524.025,67.1874,19.0026,18.7578,Chicken,4 as a snack,NA
737,71.9406,17.4318,10.8528,0.8874,One Dish Meal,6,NA
738,700.5768,18.0744,97.665,1.6728,Pork,4,High
739,182.8248,270.3918,0.153,46.1958,Chicken Breast,6,High
740,90.3618,44.5944,3.978,31.365,Chicken,4,High
741,1431.0498,2.1726,4.0902,20.145,Lunch/Snacks,6,High
742,93.8502,52.3158,9.8532,1.989,Pork,4,High
743,1066.155,75.4698,0.5406,35.6388,Dessert,1,High
744,13.2498,70.176,3.7128,11.6076,Chicken,1,High
745,268.3008,53.9274,1.2954,19.9206,Breakfast,6,High
746,131.6514,38.046,2.1318,32.2014,Potato,2,High
747,559.3986,129.6624,8.8842,24.582,Vegetable,2,NA
748,156.8352,14.5554,0.2142,0.9792,One Dish Meal,4,NA
749,232.4376,21.6138,15.351,85.578,Potato,4,NA
750,NA,NA,NA,NA,Pork,4,High
751,55.9062,12.7398,8.4252,12.7806,Beverages,6,NA
752,32.9358,136.578,14.637,0.7548,Pork,6,NA
753,1405.1622,19.3698,8.0886,39.7188,Chicken Breast,4,High
754,1343.9112,24.9084,26.8872,87.5058,Potato,4,High
755,71.0838,77.6118,1.7544,101.1126,Chicken Breast,2,High
756,806.0142,3.9984,6.0486,23.6232,Lunch/Snacks,4,High
757,1227.8658,47.3892,1.2852,8.1498,Chicken Breast,4,NA
758,870.2844,25.296,0.918,14.382,Chicken,4,NA
759,258.7026,13.2498,5.865,9.69,Breakfast,1,NA
760,896.274,7.854,3.9474,35.8224,Potato,6,High
761,205.2138,6.528,57.9156,0.1326,One Dish Meal,4,NA
762,201.6846,228.6432,3.0294,1.2852,Breakfast,2,High
763,382.245,3.4884,18.4314,25.8978,Chicken Breast,1,High
764,260.8854,113.3016,14.7492,2.2134,Potato,1,High
765,484.2246,13.0356,3.7332,1.1934,One Dish Meal,4,NA
766,NA,NA,NA,NA,Potato,1,High
767,222.1356,0.6324,4.6002,0.4692,Meat,6,High
768,343.995,32.5584,8.16,28.0602,Chicken Breast,1,High
769,747.2112,8.2926,2.0196,0.0714,Beverages,4,NA
770,585.1638,9.741,5.2938,7.9866,Dessert,4,NA
771,917.5206,56.6508,7.7928,18.6252,Pork,2,High
772,98.124,7.344,5.6202,0.2754,One Dish Meal,1,NA
773,NA,NA,NA,NA,Chicken Breast,4,NA
774,609.705,35.4654,4.794,39.0252,Lunch/Snacks,1,High
775,49.7352,6.3954,1.53,0.102,One Dish Meal,6,NA
776,1295.8692,10.9548,2.2338,53.0298,Potato,4,High
777,555.4002,90.4434,14.739,65.2188,Beverages,1,NA
778,48.8478,17.5134,10.0878,0.9078,One Dish Meal,6,NA
779,246.1158,4.335,7.8438,10.0674,Chicken,6,High
780,12.495,11.3934,7.5888,27.4278,Dessert,6,High
781,85.0884,8.2722,0.3774,0.3672,One Dish Meal,4,NA
782,2109.4314,34.9146,1.4892,10.2204,Breakfast,1,High
783,45.033,18.9924,1.683,186.2826,Potato,1,High
784,539.8452,7.6908,7.0788,25.7142,Dessert,4,High
785,130.3968,66.4428,1.9482,30.243,Chicken,4,NA
786,24.3168,55.6002,0.6426,0.6018,Beverages,6,High
787,1184.169,3.7638,12.0666,33.7824,Vegetable,4,NA
788,102.8466,166.1682,0.4182,5.7936,Breakfast,6,High
789,73.1442,52.9074,9.996,15.402,Dessert,4,High
790,36.3528,94.2888,16.1466,10.4754,Chicken Breast,4,High
791,104.3664,47.0526,15.9528,6.63,Chicken,6,NA
792,29.5698,47.328,7.2828,0.2244,One Dish Meal,6,NA
793,664.8564,64.9332,5.355,53.2236,Chicken Breast,6,High
794,645.8334,20.4,2.397,26.6322,Chicken,4,High
795,491.1402,6.1098,5.5386,29.0802,Dessert,4,High
796,42.7584,25.7856,1.989,14.9124,Lunch/Snacks,2,High
797,678.7998,15.861,0.7854,19.176,Vegetable,4,High
798,96.3288,13.6782,2.5296,3.3048,Breakfast,4,High
799,102.8364,104.4888,1.275,34.1802,Breakfast,1,High
800,40.6164,9.9042,19.6248,8.67,Pork,2,NA
801,1075.488,26.4792,0.4386,0.2448,Breakfast,6,NA
802,1099.8966,13.7496,11.6484,139.383,Potato,6,High
803,73.1646,26.3364,2.4582,33.8742,Dessert,6,NA
804,1019.1126,52.3668,2.8764,25.755,Chicken,1,High
805,455.5116,0.4488,0.051,38.0256,Lunch/Snacks,4,NA
806,1398.216,0.4896,2.193,1.683,Dessert,4,NA
807,98.4198,38.1276,4.0086,1.2648,Breakfast,6,High
808,75.0312,15.9222,6.0282,4.8042,Chicken,6,High
809,512.9478,3.5088,3.978,0.102,One Dish Meal,6,NA
810,335.0394,6.1302,3.978,33.8334,Vegetable,4,NA
811,342.8526,39.3312,76.9896,14.9328,Pork,1,NA
812,1074.5598,6.6198,10.7406,10.4754,Meat,4,High
813,561.7242,11.7606,0.357,0,Breakfast,2,High
814,1270.614,0.0816,14.6268,3.5904,Chicken,4,High
815,311.3244,42.432,0.1836,26.5098,Lunch/Snacks,4,NA
816,42.3504,138.5976,6.1404,39.2598,Beverages,4,NA
817,546.261,0.0816,4.488,5.6712,Chicken Breast,6,High
818,12.3012,42.7686,0.8568,15.6876,Beverages,1,NA
819,212.4762,85.8942,5.0898,44.37,Chicken Breast,6,High
820,612.2448,52.1016,18.4314,6.0282,Pork,4,High
821,7.7826,39.7698,5.3142,0.6528,Meat,4,High
822,447.8922,39.219,2.7744,16.014,Potato,1,High
823,216.393,25.3878,1.6932,6.2526,Chicken Breast,2,High
824,1383.579,8.772,3.3966,2.2746,Potato,2,High
825,252.8478,45.5736,2.6928,20.3388,Lunch/Snacks,1,High
826,12.4848,37.8726,3.4578,0.2856,Meat,1,High
827,233.0802,41.1774,5.2836,4.641,Breakfast,1,High
828,72.7668,39.0354,2.9376,25.2348,Dessert,1,High
829,422.8308,18.1968,1.2546,7.65,Breakfast,6,High
830,931.0254,81.5388,1.887,45.2472,Chicken Breast,1,High
831,646.4658,233.2434,1.122,4.2228,Breakfast,4,High
832,688.245,21.9096,4.0086,24.3372,Chicken,1,High
833,24.0924,50.8164,5.0694,5.6406,Meat,4,High
834,87.7404,32.1198,1.2954,6.8544,Chicken,6,High
835,110.721,43.452,1.0608,1.9992,Meat,4,High
836,637.0614,3.5292,14.6982,16.014,Lunch/Snacks,1,NA
837,972.1212,10.5876,0.2652,13.566,Beverages,4,NA
838,12.8826,41.6364,0.6018,3.4782,Meat,4,High
839,742.101,2.8662,1.0302,29.121,Dessert,4,High
840,347.1162,0.4182,2.3358,10.761,Vegetable,4,High
841,86.6082,28.8762,10.098,42.3606,Vegetable,6,High
842,526.9014,37.4646,4.4268,5.4774,Lunch/Snacks,4,NA
843,288.5478,116.943,2.5602,28.6722,Chicken,6,High
844,261.0384,161.0784,2.2236,3.5394,Breakfast,4,High
845,821.2122,198.1452,46.869,4.1106,Pork,4,High
846,407.5818,57.2526,5.8854,4.9062,Pork,2,NA
847,131.0292,154.7238,8.2824,0.7752,Pork,4,NA
848,89.9334,50.3574,0.0102,0.408,One Dish Meal,6,NA
849,65.433,6.2628,0.2754,29.9166,Dessert,2,High
850,0.6528,77.1528,3.3252,7.089,Beverages,1,NA
851,18.054,80.0292,23.6538,0.2244,Pork,2,NA
852,NA,NA,NA,NA,Chicken,4,High
853,483.531,4.7634,1.122,39.8922,Vegetable,1,NA
854,414.7014,8.9556,0.0918,0.6222,Pork,6,NA
855,64.311,10.3326,5.2836,15.4632,Chicken,6,NA
856,146.3802,6.2934,0.5508,5.1,Potato,4,High
857,370.0356,99.1542,0.561,21.5322,Chicken,2,High
858,115.5762,11.73,1.7646,11.832,Meat,2,High
859,396.2088,13.1478,4.7124,14.2086,Potato,4,High
860,NA,NA,NA,NA,Chicken Breast,4,NA
861,212.1192,16.881,77.6322,1.2138,Pork,4,NA
862,1679.6034,9.6084,5.2224,250.4814,Lunch/Snacks,6,High
863,21.5118,10.71,4.7532,0.0204,One Dish Meal,2,NA
864,49.47,7.6398,0.1122,17.5848,Beverages,4,NA
865,58.7826,7.9458,5.049,3.825,Meat,4,High
866,NA,NA,NA,NA,Chicken,6,High
867,655.5642,13.005,2.3766,35.9244,Vegetable,2,NA
868,313.5072,32.0178,53.2134,10.3224,Pork,6,NA
869,307.5198,10.5978,14.3004,5.0388,Chicken,4,High
870,188.0064,14.4636,7.6194,0.0408,One Dish Meal,1,NA
871,1500.7566,88.2402,0.8058,0.5916,Breakfast,1,High
872,450.993,5.7324,0.8058,60.8838,Chicken Breast,2,High
873,234.8754,9.4452,0.4386,57.936,Chicken Breast,6,High
874,164.526,35.9958,3.2946,3.5802,Breakfast,6,High
875,996.4074,7.8846,3.0702,50.0208,Chicken Breast,2,High
876,144.4932,39.3006,3.0192,10.3326,Breakfast,4,High
877,25.7142,0.4794,21.0528,53.6112,Potato,2,High
878,71.655,29.4168,4.6308,4.0392,Beverages,4,NA
879,90.0252,18.9516,5.3142,101.6328,Dessert,6,High
880,194.1366,23.0724,0.5202,12.1584,Dessert,4,NA
881,288.2214,10.0674,1.938,0.1632,One Dish Meal,4,NA
882,223.635,3.2538,5.9364,13.005,Meat,4,High
883,253.572,24.939,5.4774,0.3876,Beverages,1,NA
884,350.1252,86.7612,1.6116,19.9614,Chicken,2,NA
885,514.1718,33.4152,1.4892,26.2446,Chicken Breast,2,NA
886,170.187,162.9144,2.856,21.8994,Beverages,4,NA
887,30.9774,39.168,0.102,35.904,Meat,2,High
888,1750.3506,20.3898,6.8442,25.7958,Lunch/Snacks,2,High
889,1151.7942,87.057,1.7238,12.1584,Potato,4,High
890,113.0772,17.6256,10.5366,61.7814,Vegetable,4,NA
891,NA,NA,NA,NA,Dessert,4,High
892,315.8634,23.6844,10.2102,7.395,Vegetable,1,NA
893,137.0166,23.9394,4.5492,23.6742,Meat,4,High
894,NA,NA,NA,NA,Chicken Breast,4,NA
895,587.5914,22.3278,3.0192,72.5832,Potato,4,NA
896,315.231,128.7036,38.5152,2.8152,Pork,4,High
897,NA,NA,NA,NA,Vegetable,6,High
898,587.9076,16.2996,0.5508,36.9546,Potato,2,NA
899,656.8698,32.1912,2.346,58.2828,Dessert,2,High
900,36.5262,3.4476,0.0714,0.1224,One Dish Meal,6,NA
901,119.0238,20.3388,9.945,3.0702,Meat,2,High
902,94.4622,1.377,3.6618,0.0408,One Dish Meal,6,High
903,795.3144,25.4184,1.6524,22.899,Potato,4,High
904,290.2818,9.9246,1.7952,113.8014,Dessert,4,High
905,458.2044,98.0322,4.692,6.7116,Potato,2,High
906,43.146,12.3828,1.8972,88.995,Lunch/Snacks,2,NA
907,198.2574,12.4134,1.6116,3.7434,Chicken,4,NA
908,2378.9664,7.6194,3.6924,35.0166,Chicken Breast,1,High
909,111.6084,52.7034,2.5908,4.59,Chicken,1,High
910,886.1352,47.3994,2.7336,23.511,Chicken,1,High
911,76.2246,3.0498,1.2036,0.2244,Breakfast,6,High
912,NA,NA,NA,NA,Pork,6,High
913,111.3942,7.5174,15.9528,0.51,One Dish Meal,1,NA
914,1110.9228,5.2428,7.6602,48.348,Lunch/Snacks,6,NA
915,235.977,61.7712,0.0102,5.2632,Breakfast,6,High
916,127.1634,22.7766,0.6222,1.3362,Breakfast,4,High
917,65.5554,0.1632,52.6728,0.7548,One Dish Meal,2,NA
918,375.2784,46.716,0.9486,4.7022,Beverages,2,NA
919,NA,NA,NA,NA,Potato,6,High
920,1171.521,10.5774,5.814,31.4466,Dessert,6,High
921,382.8264,134.436,16.7586,4.8552,Vegetable,4,High
922,244.0146,33.5274,3.4374,41.4324,Beverages,4,NA
923,28.203,31.7628,3.672,8.8332,Breakfast,4,High
924,330.6024,28.9884,7.9458,12.7194,Dessert,2,High
925,203.184,0.7038,4.1922,0.1224,One Dish Meal,4,NA
926,3705.8232,29.6514,0.357,2.3664,Vegetable,4,NA
927,274.6248,30.8244,13.9026,37.4544,Dessert,2,High
928,258.2028,19.6146,11.4444,2.397,Chicken Breast,2,High
929,5.9874,48.8682,30.6612,25.2144,Dessert,4,High
930,357.8976,1.3668,0.5508,0.0612,One Dish Meal,4,NA
931,619.6704,35.5776,5.5998,9.9858,Chicken,4,High
932,112.3734,67.014,59.313,6.0384,Pork,1,High
933,1037.6664,86.8224,1.7442,1.887,Breakfast,1,NA
934,48.6948,5.4366,0.8874,17.7684,Lunch/Snacks,4,High
935,115.8924,7.2624,5.3754,13.668,Meat,4,High
936,267.5358,61.3326,73.9398,5.1714,Pork,4,High
937,168.1572,1.6524,7.7214,49.317,Potato,4,High
938,128.8362,46.3896,6.3852,10.6488,Pork,1,High
939,NA,NA,NA,NA,Potato,4,High
940,2328.9558,35.0268,5.2224,17.9214,Lunch/Snacks,6,NA
941,1364.25,50.9082,0.7752,59.058,Vegetable,4,NA
942,189.9342,85.6188,2.0196,22.848,Lunch/Snacks,4,High
943,1184.22,5.4162,22.8378,45.1044,Chicken,2,NA
944,NA,NA,NA,NA,Breakfast,2,High
945,970.7748,30.0084,3.6414,14.1474,Potato,2,High
946,271.9422,36.4854,0.9894,8.2314,Breakfast,6,High
947,188.2512,46.1142,6.324,0.0306,One Dish Meal,4,NA
